Accession,Strain,Year,Protein,Length
CAD35687,A/1352/02,2002,HA,325
CAD35688,A/1660/02,2002,HA,325
CAD35685,A/575/01,2001,HA,325
CAD35686,A/576/01,2001,HA,325
ACS44672,A/Belfast/1/2009,2009,HA,132
CDR50089,A/Bretagne/7608/2009,2009,HA,566
AHM98658,A/Brighton/INS3_669/2011,2011,HA,566
AAF24003,A/Christ,1982,HA,329
ABO52797,A/Christ's,1982,HA,566
AAM76686,A/DSP/43,1943,HA,343
ACC66445,A/ENGLAND/1/2003,2003,HA,329
ADU76756,A/England/00380004/2009,2009,HA,566
ADU76757,A/England/00380005/2009,2009,HA,566
ADU76758,A/England/00380009/2009,2009,HA,566
ADU76759,A/England/00380013/2009,2009,HA,566
ADU76760,A/England/00380015/2009,2009,HA,566
ADU76761,A/England/00380018/2009,2009,HA,566
ADU76762,A/England/00380020/2009,2009,HA,566
CRK76925,A/England/00380709/2010,2010,HA,566
CRK54923,A/England/00380710/2010,2010,HA,566
CRI06226,A/England/00380718/2010,2010,HA,566
CRI06149,A/England/00380719/2010,2010,HA,566
CRK76967,A/England/01180007/2010,2010,HA,566
CRX62668,A/England/01180011/2010,2010,HA,566
CRX62335,A/England/01180015/2010,2010,HA,566
CRI06116,A/England/01180016/2010,2010,HA,566
CRX62392,A/England/01180017/2010,2010,HA,566
CRK76936,A/England/01180018/2010,2010,HA,566
CRX62519,A/England/01220639/2009,2009,HA,566
CRI06094,A/England/01220736/2010,2010,HA,566
CRX62613,A/England/01220740/2010,2010,HA,566
CRX62275,A/England/01220741/2010,2010,HA,566
CRX62574,A/England/01580003/2010,2010,HA,566
CRX62459,A/England/01580005/2010,2010,HA,566
AFU09540,A/England/03220137/2010,2010,HA,566
AFU09530,A/England/03380426/2010,2010,HA,566
AFU09510,A/England/04640543/2010,2010,HA,566
AFU09440,A/England/04860492/2010,2010,HA,566
AFU09430,A/England/04860493/2010,2010,HA,566
CRX62359,A/England/04860560/2010,2010,HA,566
AFU09420,A/England/04880374/2010,2010,HA,566
CRK76951,A/England/04900053/2010,2010,HA,566
AFU09390,A/England/04920303/2010,2010,HA,566
AFU09370,A/England/04940476/2010,2010,HA,566
AFU09360,A/England/04960232/2010,2010,HA,566
CRX62730,A/England/04980045/2010,2010,HA,566
CRK77011,A/England/04980053/2010,2010,HA,566
CRX62405,A/England/04980055/2010,2010,HA,566
CRX62646,A/England/04980653/2010,2010,HA,566
AFU09350,A/England/05000088/2010,2010,HA,566
CRX59976,A/England/05000088/2010,2010,HA,566
AFU09320,A/England/05020366/2010,2010,HA,566
CRK54934,A/England/05020662/2010,2010,HA,566
CRI06028,A/England/05020665/2010,2010,HA,566
CRX62794,A/England/05020673/2010,2010,HA,566
CRK76909,A/England/05020673/2010,2010,HA,566
CRI06006,A/England/05040138/2010,2010,HA,566
AFU09300,A/England/05040482/2010,2010,HA,566
AFU09290,A/England/05040499/2010,2010,HA,566
AFU09270,A/England/05060351/2010,2010,HA,566
AFU09260,A/England/05060444/2010,2010,HA,566
AFU09250,A/England/05060454/2010,2010,HA,566
CRX62502,A/England/05080637/2010,2010,HA,566
AFU09230,A/England/05080771/2010,2010,HA,566
AFU09220,A/England/05080815/2010,2010,HA,566
CRX62425,A/England/05080831/2010,2010,HA,566
CRK54912,A/England/05100297/2010,2010,HA,566
CRI05915,A/England/05100298/2010,2010,HA,566
CRX62532,A/England/05100301/2010,2010,HA,566
CRX62765,A/England/05100660/2010,2010,HA,566
AFU09210,A/England/05100690/2010,2010,HA,566
CRI05948,A/England/05120003/2010,2010,HA,566
CRX62844,A/England/05120013/2010,2010,HA,566
AFU09200,A/England/05120538/2010,2010,HA,566
CRX62725,A/England/05140176/2010,2010,HA,566
CRX62571,A/England/05140177/2010,2010,HA,566
AFU09180,A/England/05140206/2010,2010,HA,566
AFU09170,A/England/05140214/2010,2010,HA,566
CRX62436,A/England/05140216/2010,2010,HA,566
CRX62481,A/England/05140281/2010,2010,HA,566
CRX62795,A/England/05140283/2010,2010,HA,566
CRX62635,A/England/05140847/2010,2010,HA,566
CRX62602,A/England/05140856/2010,2010,HA,566
CRI06431,A/England/05160420/2010,2010,HA,566
AFU09160,A/England/05160856/2010,2010,HA,566
AFU09130,A/England/05180496/2010,2010,HA,566
AFU09120,A/England/05260592/2010,2010,HA,566
AAO46271,A/England/1/1961,1961,HA,340
AFV53249,A/England/1/1961,1961,HA,562
AJI76400,A/England/1/1966,1966,HA,562
CAA86528,A/England/1/1993,1993,HA,347
CRI06464,A/England/10/2010,2010,HA,566
AAO46296,A/England/10/67,1967,HA,340
AEO01380,A/England/1002/2009,2009,HA,566
AEO01266,A/England/1005/2009,2009,HA,566
AEO01267,A/England/1006/2009,2009,HA,566
AEO01275,A/England/1008/2009,2009,HA,566
AEO01280,A/England/1009/2009,2009,HA,566
AEO01283,A/England/1010/2009,2009,HA,566
AEO01295,A/England/1011/2009,2009,HA,566
AEO01288,A/England/1012/2009,2009,HA,566
AEO01300,A/England/1014/2009,2009,HA,566
AEO01304,A/England/1018/2009,2009,HA,566
AEO01309,A/England/1023/2009,2009,HA,566
AEO01334,A/England/1040/2009,2009,HA,566
AEO01338,A/England/1044/2009,2009,HA,566
AEO01519,A/England/1048/2009,2009,HA,566
AEO01527,A/England/1049/2009,2009,HA,566
AEO01521,A/England/1050/2009,2009,HA,566
AEO01529,A/England/1051/2009,2009,HA,566
AEO01532,A/England/1052/2009,2009,HA,566
AEO01534,A/England/1053/2009,2009,HA,566
AEO01531,A/England/1054/2009,2009,HA,566
AEO01533,A/England/1055/2009,2009,HA,566
AEO01540,A/England/1056/2009,2009,HA,566
AEO01543,A/England/1057/2009,2009,HA,566
AEO01342,A/England/1067/2009,2009,HA,566
AFU09697,A/England/1072/2009,2009,HA,566
AEO01358,A/England/1073/2009,2009,HA,566
CRX62348,A/England/10740561/2010,2010,HA,566
CRK77022,A/England/10740561/2010,2010,HA,566
CRK54802,A/England/10740571/2010,2010,HA,566
CRI06204,A/England/10740571/2010,2010,HA,566
CRI06061,A/England/10740579/2010,2010,HA,566
CRX62410,A/England/10740581/2010,2010,HA,566
CRX62327,A/England/10740623/2011,2011,HA,566
CRX62370,A/England/10740658/2011,2011,HA,566
CRK54835,A/England/10740664/2011,2011,HA,566
CRN12543,A/England/10740681/2010,2010,HA,566
CRI06475,A/England/10740685/2010,2010,HA,566
CRK54901,A/England/10740688/2010,2010,HA,566
CRX62766,A/England/10740690/2011,2011,HA,566
CRX62657,A/England/10740691/2011,2011,HA,566
CRX62381,A/England/10740693/2011,2011,HA,566
CRI06409,A/England/10740704/2011,2011,HA,566
CRI06039,A/England/10740707/2011,2011,HA,566
AEO01362,A/England/1080/2009,2009,HA,566
AEO01365,A/England/1081/2009,2009,HA,566
CRK54824,A/England/10820733/2010,2010,HA,566
CRK76978,A/England/10820734/2010,2010,HA,566
CRI06127,A/England/10820742/2010,2010,HA,566
CRK62265,A/England/11/2010,2010,HA,566
ADJ37833,A/England/1111/2009,2009,HA,566
ADJ37843,A/England/1116/2009,2009,HA,566
CRK76989,A/England/11520759/2011,2011,HA,566
AFU09490,A/England/118/2010,2010,HA,566
AIY59261,A/England/12/1962,1962,HA,562
CRI00662,A/England/12/2010,2010,HA,566
AAO46283,A/England/12/64,1964,HA,340
ABO10167,A/England/121/1995,1995,HA,329
ADJ37846,A/England/1213/2009,2009,HA,566
AFD64282,A/England/122/2007,2007,HA,328
CRX62806,A/England/12240607/2010,2010,HA,566
CRN12532,A/England/12240612/2010,2010,HA,566
CRX62501,A/England/12240614/2011,2011,HA,566
AFD64283,A/England/123/2007,2007,HA,328
CRK76876,A/England/132/2011,2011,HA,566
AFG99314,A/England/138/1989,1989,HA,566
AFU09500,A/England/139/2010,2010,HA,566
AFU09648,A/England/1397/2009,2009,HA,566
AFU09480,A/England/142/2010,2010,HA,566
AFU09470,A/England/143/2010,2010,HA,566
CAD35678,A/England/161/02,2002,HA,325
AFD64303,A/England/168/2008,2008,HA,328
AFD64280,A/England/174/2007,2007,HA,328
ABO10168,A/England/178/1995,1995,HA,329
AFU09400,A/England/178/2010,2010,HA,566
CAD35683,A/England/18/02,2002,HA,325
AFU09450,A/England/181/2010,2010,HA,566
AFU09410,A/England/182/2010,2010,HA,566
AFU09380,A/England/183/2010,2010,HA,566
AFD64286,A/England/184/2007,2007,HA,328
AFD63519,A/England/191/2003,2003,HA,328
AFP33324,A/England/192/2000,2000,HA,566
AFP33325,A/England/192/2000,2000,HA,565
AFD64285,A/England/195/2007,2007,HA,328
ACR15621,A/England/195/2009,2009,HA,566
AFR84694,A/England/196/2009,2009,HA,566
AFD63520,A/England/197/2003,2003,HA,328
AEW10644,A/England/197/2009,2009,HA,566
ABE12623,A/England/1972,1972,HA,566
CAD29948,A/England/2/2002,2002,HA,364
AEW10684,A/England/200/2009,2009,HA,566
ABB84190,A/England/2005,2005,HA,343
AEW10814,A/England/201/2009,2009,HA,566
AEW10634,A/England/202/2009,2009,HA,566
AEW10654,A/England/204/2009,2009,HA,566
AEW10664,A/England/205/2009,2009,HA,566
AEW10674,A/England/207/2009,2009,HA,566
AFR84704,A/England/209/2009,2009,HA,566
AFU09460,A/England/209/2010,2010,HA,566
AEW10714,A/England/211/2009,2009,HA,566
ADJ37780,A/England/213/2009,2009,HA,566
AFU09330,A/England/213/2010,2010,HA,566
CRX62748,A/England/213/2011,2011,HA,566
AEW10734,A/England/214/2009,2009,HA,566
AEW10744,A/England/215/2009,2009,HA,566
AFR42693,A/England/215/2011,2011,HA,566
AEW10754,A/England/216/2009,2009,HA,566
CRK62276,A/England/21680633/2010,2010,HA,566
ADJ37781,A/England/217/2009,2009,HA,566
AEW10774,A/England/218/2009,2009,HA,566
AEW10794,A/England/219/2009,2009,HA,566
AFD64272,A/England/22/2007,2007,HA,328
AEW10804,A/England/220/2009,2009,HA,566
AAB69782,A/England/220/93,1993,HA,329
ADJ37782,A/England/221/2009,2009,HA,566
AFR84714,A/England/221/2009,2009,HA,566
AFR84724,A/England/222/2009,2009,HA,566
AEW10824,A/England/223/2009,2009,HA,566
CRI06105,A/England/245/2010,2010,HA,566
AEW10784,A/England/246/2009,2009,HA,566
CAA86529,A/England/247/1993,1993,HA,347
AEW10834,A/England/247/2009,2009,HA,566
ADJ37783,A/England/249/2009,2009,HA,566
AFR84754,A/England/249/2009,2009,HA,566
AFR84764,A/England/250/2009,2009,HA,566
AEO01547,A/England/251/2009,2009,HA,566
CRI00684,A/England/251/2010,2010,HA,566
AEW10884,A/England/252/2009,2009,HA,566
AEW10904,A/England/253/2009,2009,HA,566
AEW10914,A/England/254/2009,2009,HA,566
ABO10169,A/England/255/1995,1995,HA,329
AEO01548,A/England/255/2009,2009,HA,566
AEW10934,A/England/256/2009,2009,HA,566
AEW10944,A/England/257/2009,2009,HA,566
ABO10170,A/England/258/1995,1995,HA,329
AEO01549,A/England/258/2009,2009,HA,566
AEW10954,A/England/259/2009,2009,HA,566
AFD63521,A/England/26/2003,2003,HA,328
ACJ25125,A/England/26/2008,2008,HA,565
AAT64750,A/England/260/1991,1991,HA,363
AFG99512,A/England/260/1991,1991,HA,566
AFR84804,A/England/260/2009,2009,HA,566
AAT64756,A/England/261/1991,1991,HA,364
AAB66755,A/England/261/1991,1991,HA,329
AEO01550,A/England/261/2009,2009,HA,566
AEO01551,A/England/262/2009,2009,HA,566
ABO10171,A/England/263/1995,1995,HA,329
AEW10994,A/England/263/2009,2009,HA,566
AFD64291,A/England/264/2007,2007,HA,328
AEW11004,A/England/264/2009,2009,HA,566
AEW11014,A/England/265/2009,2009,HA,566
AEW11044,A/England/266/2009,2009,HA,566
AEO01553,A/England/267/2009,2009,HA,566
ABO10172,A/England/268/1995,1995,HA,329
AAC40998,A/England/268/1996,1996,HA,560
CAA86530,A/England/269/93,1993,HA,347
AJK00648,A/England/270/2010,2010,HA,566
AFR84824,A/England/271/2009,2009,HA,566
AFD63522,A/England/2710/2003,2003,HA,328
AFU09340,A/England/272/2010,2010,HA,566
AEO01555,A/England/273/2009,2009,HA,566
AEO01556,A/England/278/2009,2009,HA,566
AEO01557,A/England/279/2009,2009,HA,566
AFU09310,A/England/280/2010,2010,HA,566
ABO10173,A/England/282/1995,1995,HA,329
AFU09240,A/England/282/2010,2010,HA,566
CRX62706,A/England/283/2010,2010,HA,566
CRX62753,A/England/283/2010,2010,HA,566
CAA86531,A/England/284/1993,1993,HA,347
AEO01558,A/England/285/2009,2009,HA,566
CAA86532,A/England/286/1993,1993,HA,347
ABO10174,A/England/286/1995,1995,HA,329
AFU09280,A/England/287/2010,2010,HA,566
AEO01559,A/England/288/2009,2009,HA,566
CAA86533,A/England/289/1993,1993,HA,347
AEO01560,A/England/289/2009,2009,HA,566
CRK54846,A/England/29/2010,2010,HA,566
AEO01561,A/England/290/2009,2009,HA,566
AEO01562,A/England/291/2009,2009,HA,566
AEO01563,A/England/292/2009,2009,HA,566
AFD64304,A/England/293/2008,2008,HA,328
AEO01564,A/England/293/2009,2009,HA,566
AFD64305,A/England/294/2008,2008,HA,328
AFD64306,A/England/296/2008,2008,HA,328
AFD64307,A/England/297/2008,2008,HA,328
AFD64308,A/England/298/2008,2008,HA,328
AEO01565,A/England/300/2009,2009,HA,566
ADJ37784,A/England/303/2009,2009,HA,566
AEO01566,A/England/309/2009,2009,HA,566
ADJ37786,A/England/313/2009,2009,HA,566
AEO01568,A/England/314/2009,2009,HA,566
AEO01569,A/England/316/2009,2009,HA,566
AEO01570,A/England/317/2009,2009,HA,566
AEO01571,A/England/318/2009,2009,HA,566
CRI06017,A/England/32/2010,2010,HA,566
AEO01572,A/England/320/2009,2009,HA,566
CAA29337,A/England/321/1977,1977,HA,566
AEO01573,A/England/323/2009,2009,HA,566
AEO01574,A/England/327/2009,2009,HA,566
CAA86534,A/England/328/1993,1993,HA,347
ADJ37787,A/England/328/2009,2009,HA,566
CRX62569,A/England/331/2010,2010,HA,566
CRI06160,A/England/331/2010,2010,HA,566
AEO01575,A/England/333/2009,2009,HA,566
AEO01577,A/England/336/2009,2009,HA,566
ADJ37788,A/England/337/2009,2009,HA,566
AEO01578,A/England/339/2009,2009,HA,566
AEO01579,A/England/340/2009,2009,HA,566
ADJ37789,A/England/341/2009,2009,HA,566
ADJ37790,A/England/342/2009,2009,HA,566
ADJ37791,A/England/343/2009,2009,HA,566
CRX62304,A/England/343/2010,2010,HA,566
CRI06375,A/England/343/2010,2010,HA,566
CAM58871,A/England/3448191/03,2003,HA,329
ADJ37792,A/England/345/2009,2009,HA,566
CAA86535,A/England/346/1993,1993,HA,347
ADJ37793,A/England/346/2009,2009,HA,566
CAA86536,A/England/347/1993,1993,HA,347
ADJ37794,A/England/347/2009,2009,HA,566
ADJ37795,A/England/348/2009,2009,HA,566
ADJ37796,A/England/349/2009,2009,HA,566
CAM58867,A/England/3494349/2003,2003,HA,329
AFD64310,A/England/350/2008,2008,HA,328
ADJ37797,A/England/350/2009,2009,HA,566
AFR84834,A/England/350/2009,2009,HA,566
ADJ37798,A/England/351/2009,2009,HA,566
AEO01580,A/England/352/2009,2009,HA,566
AEO01581,A/England/353/2009,2009,HA,566
AEO01582,A/England/357/2009,2009,HA,566
AEO01583,A/England/358/2009,2009,HA,566
AFD64290,A/England/359/2007,2007,HA,328
AEW11064,A/England/359/2009,2009,HA,566
AFD64273,A/England/36/2007,2007,HA,328
ADJ37799,A/England/360/2009,2009,HA,566
AEW11074,A/England/361/2009,2009,HA,566
AEO01584,A/England/362/2009,2009,HA,566
AEO01585,A/England/363/2009,2009,HA,566
ADJ37801,A/England/364/2009,2009,HA,566
ADJ37802,A/England/365/2009,2009,HA,566
ADJ37803,A/England/366/2009,2009,HA,566
AEO01586,A/England/368/2009,2009,HA,566
AFD64172,A/England/369/2003,2003,HA,328
AEO01587,A/England/369/2009,2009,HA,566
AEO01588,A/England/370/2009,2009,HA,566
AEO01589,A/England/371/2009,2009,HA,566
AFU09190,A/England/371/2010,2010,HA,566
AEO01590,A/England/372/2009,2009,HA,566
AEO01591,A/England/373/2009,2009,HA,566
ADJ37804,A/England/374/2009,2009,HA,566
CRX62679,A/England/374/2010,2010,HA,566
CRX62853,A/England/374/2010,2010,HA,566
AEO01592,A/England/376/2009,2009,HA,566
ADJ37805,A/England/377/2009,2009,HA,566
CRX62034,A/England/377/2010,2010,HA,566
CRK76898,A/England/377/2010,2010,HA,566
AEO01593,A/England/378/2009,2009,HA,566
AEO01594,A/England/379/2009,2009,HA,566
ADJ37806,A/England/380/2009,2009,HA,566
AEW11084,A/England/381/2009,2009,HA,566
AEW11094,A/England/382/2009,2009,HA,566
ADJ37807,A/England/383/2009,2009,HA,566
AFR84844,A/England/383/2009,2009,HA,566
AEW11104,A/England/384/2009,2009,HA,566
AEW11114,A/England/385/2009,2009,HA,566
AEW11124,A/England/386/2009,2009,HA,566
AEW11134,A/England/388/2009,2009,HA,566
AEW11144,A/England/389/2009,2009,HA,566
AEO01595,A/England/390/2009,2009,HA,566
ADJ37808,A/England/391/2009,2009,HA,566
AFR84854,A/England/391/2009,2009,HA,566
AFD64173,A/England/392/2008,2008,HA,328
AEW11154,A/England/392/2009,2009,HA,566
ADJ37809,A/England/393/2009,2009,HA,566
AFR84864,A/England/393/2009,2009,HA,566
CRK77000,A/England/393/2010,2010,HA,566
CRX62624,A/England/393/2010,2010,HA,566
AFD64174,A/England/394/2008,2008,HA,328
AEW11164,A/England/394/2009,2009,HA,566
AJK01839,A/England/3940462/2010,2010,HA,566
AEW11174,A/England/395/2009,2009,HA,566
AEW11184,A/England/398/2009,2009,HA,566
ADJ37810,A/England/399/2009,2009,HA,566
AFD64270,A/England/4/2007,2007,HA,328
AEW11194,A/England/400/2009,2009,HA,566
ADJ37811,A/England/401/2009,2009,HA,566
AEW11204,A/England/402/2009,2009,HA,566
AFD64212,A/England/4024313/2003,2003,HA,566
CAM58869,A/England/4024313/2004,2004,HA,329
AEO01596,A/England/403/2009,2009,HA,566
AEO01597,A/England/404/2009,2009,HA,566
AEO01598,A/England/405/2009,2009,HA,566
AEO01599,A/England/410/2009,2009,HA,566
AEW11214,A/England/411/2009,2009,HA,566
AFR84874,A/England/412/2009,2009,HA,566
AFR84883,A/England/413/2009,2009,HA,405
AEW11224,A/England/414/2009,2009,HA,566
CRX62264,A/England/414/2010,2010,HA,566
ADJ37818,A/England/415/2009,2009,HA,566
ADJ37819,A/England/416/2009,2009,HA,566
AFR84893,A/England/417/2009,2009,HA,566
AEW11234,A/England/418/2009,2009,HA,566
CAM58842,A/England/419/2003,2003,HA,329
AFD63582,A/England/419/2003,2003,HA,566
AEW11244,A/England/419/2009,2009,HA,566
AAF13706,A/England/42/1972,1972,HA,363
ABQ58930,A/England/42/1972,1972,HA,329
AFG98863,A/England/42/1972,1972,HA,566
AFM71912,A/England/42/1972,1972,HA,566
AEO01601,A/England/420/2009,2009,HA,566
ADJ37820,A/England/421/2009,2009,HA,566
AFU09110,A/England/421/2009,2009,HA,566
AFD64292,A/England/422/2007,2007,HA,328
AEO01602,A/England/422/2009,2009,HA,566
AEW11254,A/England/423/2009,2009,HA,566
ADJ37821,A/England/424/2009,2009,HA,566
CAM58843,A/England/425/2003,2003,HA,329
AFD63604,A/England/425/2003,2003,HA,566
AFD64315,A/England/425/2003,2003,HA,566
AFR84903,A/England/425/2009,2009,HA,566
AAF19421,A/England/427/1988,1988,HA,346
AAA62329,A/England/427/1988,1988,HA,329
AAA62330,A/England/427/1988,1988,HA,329
AAT64730,A/England/427/1988,1988,HA,562
AFG99270,A/England/427/1988,1988,HA,566
AEO01603,A/England/427/2009,2009,HA,566
AEW11263,A/England/428/2009,2009,HA,566
ADJ37822,A/England/429/2009,2009,HA,566
CAM58844,A/England/430/2003,2003,HA,329
AFD63527,A/England/430/2003,2003,HA,566
AEW11273,A/England/430/2009,2009,HA,566
CAM58845,A/England/431/2003,2003,HA,329
AFD63538,A/England/431/2003,2003,HA,566
AEW11283,A/England/431/2009,2009,HA,566
ADJ37823,A/England/432/2009,2009,HA,566
AEW11293,A/England/433/2009,2009,HA,566
AEW11303,A/England/434/2009,2009,HA,566
ADJ37824,A/England/435/2009,2009,HA,566
ADJ37825,A/England/436/2009,2009,HA,566
AFD63615,A/England/438/2003,2003,HA,566
AFR84913,A/England/438/2009,2009,HA,566
AEO01604,A/England/441/2009,2009,HA,566
AFD64230,A/England/4414681/2004,2004,HA,328
AFD63593,A/England/442/2003,2003,HA,566
ADJ37826,A/England/443/2009,2009,HA,566
AFR84923,A/England/444/2009,2009,HA,566
AFD63637,A/England/445/2003,2003,HA,566
AEW11313,A/England/445/2009,2009,HA,566
AFD63560,A/England/446/2003,2003,HA,566
ADJ37827,A/England/446/2009,2009,HA,566
CRI05926,A/England/446/2010,2010,HA,566
CRX62573,A/England/446/2010,2010,HA,566
AFD64231,A/England/446040/2004,2004,HA,328
AEO01605,A/England/447/2009,2009,HA,566
AFD64235,A/England/448/2002,2002,HA,328
AEO01606,A/England/448/2009,2009,HA,566
AFD64238,A/England/449/2002,2002,HA,328
AEO01607,A/England/449/2009,2009,HA,566
AFD64232,A/England/45/2004,2004,HA,328
ADJ37828,A/England/450/2009,2009,HA,566
ADJ37829,A/England/451/2009,2009,HA,566
AFD64240,A/England/455/2002,2002,HA,328
AFD64241,A/England/455/2005,2005,HA,328
ADJ37779,A/England/456/2009,2009,HA,566
AFD64242,A/England/459/2002,2002,HA,328
AFD64233,A/England/46/2004,2004,HA,328
AFD64243,A/England/460/2002,2002,HA,328
AFD63681,A/England/460/2003,2003,HA,566
AEO01032,A/England/463/2009,2009,HA,566
AFD63725,A/England/467/2003,2003,HA,566
CRK54879,A/England/468/2010,2010,HA,566
AFD64293,A/England/469/2007,2007,HA,328
AFD64234,A/England/47/2004,2004,HA,328
CAM58846,A/England/470/2003,2003,HA,329
AFD63780,A/England/470/2003,2003,HA,566
AFD64348,A/England/470/2003,2003,HA,566
AFD64294,A/England/470/2007,2007,HA,328
CAA86537,A/England/471/1993,1993,HA,347
AEO01033,A/England/471/2009,2009,HA,566
AFD64249,A/England/472/2005,2005,HA,328
AFD63714,A/England/475/2003,2003,HA,566
CAM58847,A/England/476/2003,2003,HA,329
AFD63813,A/England/479/2003,2003,HA,566
AEO01034,A/England/479/2009,2009,HA,566
AEO01035,A/England/480/2009,2009,HA,566
AEO01036,A/England/481/2009,2009,HA,566
AJK02671,A/England/4820166/2010,2010,HA,566
AEO01037,A/England/483/2009,2009,HA,566
CAM58848,A/England/484/2003,2003,HA,329
AFD63923,A/England/484/2003,2003,HA,566
AFD64392,A/England/484/2003,2003,HA,566
AFD64000,A/England/485/2003,2003,HA,566
AEO01038,A/England/485/2009,2009,HA,566
AFD63945,A/England/487/2003,2003,HA,566
AFD64237,A/England/49/2004,2004,HA,328
CAM58849,A/England/491/2003,2003,HA,329
AFD63967,A/England/491/2003,2003,HA,566
AFD64414,A/England/491/2003,2003,HA,566
CAM58850,A/England/492/2003,2003,HA,329
AFD63956,A/England/492/2003,2003,HA,566
AFD64403,A/England/492/2003,2003,HA,566
CAM58851,A/England/493/2003,2003,HA,329
AFD63978,A/England/493/2003,2003,HA,566
AFD64425,A/England/493/2003,2003,HA,566
ACJ25136,A/England/493/2006,2006,HA,565
AJK02363,A/England/494/2006,2006,HA,565
ACJ25085,A/England/494/2006,2006,HA,565
AEO01041,A/England/495/2009,2009,HA,566
AFD64244,A/England/5014715/2004,2004,HA,328
AFD64245,A/England/502689/2005,2005,HA,328
AEO01042,A/England/503/2009,2009,HA,566
AFU09855,A/England/506/2009,2009,HA,566
AEO01043,A/England/507/2009,2009,HA,566
AFD64246,A/England/5070214/2005,2005,HA,328
CAM58852,A/England/508/2003,2003,HA,329
AFD64011,A/England/508/2003,2003,HA,566
AEO01044,A/England/508/2009,2009,HA,566
AFD64236,A/England/51/2004,2004,HA,328
AEO01045,A/England/510/2009,2009,HA,566
AEO01046,A/England/511/2009,2009,HA,566
AEO01047,A/England/512/2009,2009,HA,566
AFD64247,A/England/512060/2005,2005,HA,328
AEO01048,A/England/513/2009,2009,HA,566
AFD64248,A/England/5134761/2005,2005,HA,328
AEO01049,A/England/515/2009,2009,HA,566
CAM58853,A/England/516/2003,2003,HA,329
AFD63835,A/England/516/2003,2003,HA,566
AFD64370,A/England/516/2003,2003,HA,566
AEO01050,A/England/516/2009,2009,HA,566
AEO01051,A/England/517/2009,2009,HA,566
AFD63846,A/England/518/2003,2003,HA,566
AEO01052,A/England/518/2009,2009,HA,566
AFD63868,A/England/520/2003,2003,HA,566
AEO01053,A/England/520/2009,2009,HA,566
AFD64099,A/England/522/2003,2003,HA,566
AEO01054,A/England/524/2009,2009,HA,566
AFD63912,A/England/525/2003,2003,HA,566
AEO01055,A/England/525/2009,2009,HA,566
AEO01056,A/England/526/2009,2009,HA,566
AFR84675,A/England/527/2009,2009,HA,566
AFU09845,A/England/527/2009,2009,HA,566
CAM58854,A/England/528/2003,2003,HA,329
AFD63989,A/England/528/2003,2003,HA,566
AFD64436,A/England/528/2003,2003,HA,566
AEO01057,A/England/528/2009,2009,HA,566
AEO01058,A/England/529/2009,2009,HA,566
AEF59536,A/England/53/2004,2004,HA,329
AFD64239,A/England/53/2004,2004,HA,328
AEO01059,A/England/530/2009,2009,HA,566
AFD63879,A/England/531/2003,2003,HA,566
AEO01060,A/England/531/2009,2009,HA,566
CAM58855,A/England/532/2003,2003,HA,329
AFD64088,A/England/532/2003,2003,HA,566
AFD64447,A/England/532/2003,2003,HA,566
AEO01061,A/England/532/2009,2009,HA,566
AEO01062,A/England/533/2009,2009,HA,566
AFD64077,A/England/534/2003,2003,HA,566
AEO01063,A/England/535/2009,2009,HA,566
AEO01064,A/England/537/2009,2009,HA,566
AEO01065,A/England/538/2009,2009,HA,566
CAM58856,A/England/539/2003,2003,HA,329
AFD63802,A/England/539/2003,2003,HA,566
AEO01066,A/England/539/2009,2009,HA,566
ABO10175,A/England/54/1995,1995,HA,329
AEO01067,A/England/540/2009,2009,HA,566
AEW10594,A/England/541/2009,2009,HA,566
AEO01068,A/England/542/2009,2009,HA,566
CAM58857,A/England/543/2003,2003,HA,329
AFD64295,A/England/543/2007,2007,HA,328
AEO01069,A/England/543/2009,2009,HA,566
AFD64296,A/England/544/2007,2007,HA,328
AEO01070,A/England/544/2009,2009,HA,566
ACB88821,A/England/545/2007,2007,HA,325
ACJ25115,A/England/545/2007,2007,HA,565
AEO01071,A/England/545/2009,2009,HA,566
AEO01076,A/England/546/2009,2009,HA,566
AFD64121,A/England/547/2003,2003,HA,566
AEW10694,A/England/551/2009,2009,HA,566
AFD64132,A/England/552/2003,2003,HA,566
AFD64250,A/England/55243/2005,2005,HA,328
AFD64251,A/England/55281/2005,2005,HA,328
AFD64261,A/England/556/2006,2006,HA,328
AFD64266,A/England/557/2006,2006,HA,328
ACB88822,A/England/557/2007,2007,HA,325
ACJ25157,A/England/557/2007,2007,HA,565
AFD64066,A/England/558/2003,2003,HA,566
AFD64265,A/England/558/2006,2006,HA,328
AFD64263,A/England/560/2006,2006,HA,328
AFD64044,A/England/567/2003,2003,HA,566
CAM58858,A/England/568/2003,2003,HA,329
AFD64022,A/England/568/2003,2003,HA,566
CAM58859,A/England/584/2003,2003,HA,329
AFD64165,A/England/584/2003,2003,HA,566
AFD64458,A/England/584/2003,2003,HA,566
AFD63934,A/England/585/2003,2003,HA,566
AFD64143,A/England/587/2003,2003,HA,566
AFD64179,A/England/592/2003,2003,HA,566
AFD64190,A/England/593/2003,2003,HA,566
AJK01352,A/England/593/2006,2006,HA,565
ACJ25113,A/England/593/2006,2006,HA,565
AJK02303,A/England/594/2006,2006,HA,565
ACJ25088,A/England/594/2006,2006,HA,565
AFD64201,A/England/602/2003,2003,HA,566
AEO01081,A/England/602/2009,2009,HA,566
AFD64252,A/England/602213/2006,2006,HA,328
AEO01082,A/England/603/2009,2009,HA,566
AFD64253,A/England/60384/2006,2006,HA,328
AFD64254,A/England/60385/2006,2006,HA,328
AEO01084,A/England/604/2009,2009,HA,566
AEO01085,A/England/605/2009,2009,HA,566
AEO01091,A/England/606/2009,2009,HA,566
AEO01095,A/England/607/2009,2009,HA,566
AFD64267,A/England/608/2006,2006,HA,328
AEO01079,A/England/610/2009,2009,HA,566
AFD64255,A/England/61007/2006,2006,HA,328
AFD64256,A/England/61084/2006,2006,HA,328
AFD64299,A/England/611/2007,2007,HA,328
AEO01086,A/England/611/2009,2009,HA,566
AEO01089,A/England/612/2009,2009,HA,566
AEO01192,A/England/613/2009,2009,HA,566
AFD64257,A/England/613446/2006,2006,HA,328
AEO01195,A/England/614/2009,2009,HA,566
AEO01203,A/England/615/2009,2009,HA,566
AEO01208,A/England/616/2009,2009,HA,566
AFD64269,A/England/617/2006,2006,HA,328
AEO01100,A/England/617/2009,2009,HA,566
AFD64258,A/England/61762/2006,2006,HA,328
AEO01234,A/England/618/2009,2009,HA,566
AEO01122,A/England/619/2009,2009,HA,566
AEO01130,A/England/620/2009,2009,HA,566
AFD64268,A/England/621/2006,2006,HA,328
AEO01212,A/England/621/2009,2009,HA,566
AEO01226,A/England/622/2009,2009,HA,566
AFD64259,A/England/6230537/2006,2006,HA,328
AEO01134,A/England/624/2009,2009,HA,566
AEO01139,A/England/625/2009,2009,HA,566
AFD64271,A/England/626/2007,2007,HA,328
AEO01140,A/England/626/2009,2009,HA,566
CAD35679,A/England/627/01,2001,HA,325
AEO01141,A/England/627/2009,2009,HA,566
AEO01142,A/England/628/2009,2009,HA,566
AEO01148,A/England/629/2009,2009,HA,566
AEO01106,A/England/630/2009,2009,HA,566
AEO01119,A/England/631/2009,2009,HA,566
AEO01102,A/England/632/2009,2009,HA,566
AFD64260,A/England/63201/2006,2006,HA,328
AFR84685,A/England/633/2009,2009,HA,566
AEW10614,A/England/634/2009,2009,HA,566
AEO01105,A/England/635/2009,2009,HA,566
AEO01128,A/England/636/2009,2009,HA,566
AEO01138,A/England/637/2009,2009,HA,566
AEO01163,A/England/638/2009,2009,HA,566
AEO01172,A/England/639/2009,2009,HA,566
AFD63659,A/England/642/2003,2003,HA,566
AEO01197,A/England/642/2009,2009,HA,566
AEO01207,A/England/643/2009,2009,HA,566
AEO01210,A/England/644/2009,2009,HA,566
AEO01225,A/England/645/2009,2009,HA,566
AEO01232,A/England/646/2009,2009,HA,566
AFU09745,A/England/646/2009,2009,HA,566
AFD64262,A/England/646836/2006,2006,HA,328
AAB66731,A/England/648/1989,1989,HA,329
AFD64264,A/England/64848/2006,2006,HA,328
AJK03003,A/England/652/2008,2008,HA,550
AEO01149,A/England/652/2009,2009,HA,566
AEO01150,A/England/653/2009,2009,HA,566
AJK01682,A/England/654/2007,2007,HA,565
ACJ25168,A/England/654/2007,2007,HA,565
AEO01213,A/England/654/2009,2009,HA,566
AEO01218,A/England/655/2009,2009,HA,566
AEO01219,A/England/656/2009,2009,HA,566
AEO01220,A/England/657/2009,2009,HA,566
AEO01221,A/England/658/2009,2009,HA,566
AEO01222,A/England/659/2009,2009,HA,566
AEO01224,A/England/660/2009,2009,HA,566
AEO01227,A/England/661/2009,2009,HA,566
AEO01230,A/England/662/2009,2009,HA,566
AEO01231,A/England/663/2009,2009,HA,566
AEO01223,A/England/664/2009,2009,HA,566
AEO01078,A/England/665/2009,2009,HA,566
CRX62315,A/England/665/2010,2010,HA,566
AEO01083,A/England/666/2009,2009,HA,566
AEO01103,A/England/667/2009,2009,HA,566
AFU09815,A/England/667/2009,2009,HA,566
AJK00561,A/England/669/2008,2008,HA,550
CAA86538,A/England/67/1994,1994,HA,347
AFU09550,A/England/67/2010,2010,HA,566
AEO01152,A/England/671/2009,2009,HA,566
AFU09775,A/England/671/2009,2009,HA,566
CRI06050,A/England/671/2010,2010,HA,566
AEO01194,A/England/672/2009,2009,HA,566
CRX62705,A/England/672/2010,2010,HA,566
AEO01201,A/England/673/2009,2009,HA,566
CRI06193,A/England/673/2010,2010,HA,566
AEO01209,A/England/674/2009,2009,HA,566
AEW10624,A/England/675/2009,2009,HA,566
CRI05904,A/England/675/2010,2010,HA,566
AEO01198,A/England/676/2009,2009,HA,566
CRI06072,A/England/676/2010,2010,HA,566
CRI06420,A/England/677/2010,2010,HA,566
CAA86539,A/England/68/1994,1994,HA,347
ACM17334,A/England/684/2007,2007,HA,565
AFU09835,A/England/685/2009,2009,HA,566
CRX62516,A/England/686/2010,2010,HA,566
AJK01619,A/England/687/2008,2008,HA,550
AEO01144,A/England/687/2009,2009,HA,566
AFU09785,A/England/687/2009,2009,HA,566
CRK54890,A/England/687/2010,2010,HA,566
AEO01153,A/England/688/2009,2009,HA,566
AFU09765,A/England/688/2009,2009,HA,566
CRK76854,A/England/688/2010,2010,HA,566
CRK54813,A/England/688/2010,2010,HA,566
CAD35681,A/England/689/01,2001,HA,325
CRX62511,A/England/689/2010,2010,HA,566
AEO01190,A/England/690/2009,2009,HA,566
CRX62253,A/England/690/2010,2010,HA,566
CAD35682,A/England/691/01,2001,HA,325
AJK02292,A/England/691/2010,2010,HA,566
CRK76887,A/England/692/2010,2010,HA,566
CRK54868,A/England/694/2010,2010,HA,566
AZY87037,A/England/6942/2018,2018,HA,566
AJK02543,A/England/695/2008,2008,HA,550
CRI06138,A/England/697/2010,2010,HA,566
AJK03645,A/England/699/2008,2008,HA,550
CAA86540,A/England/7/1994,1994,HA,347
AFG72504,A/England/7/1994,1994,HA,566
AFD64274,A/England/70/2007,2007,HA,328
AJK01142,A/England/700/2009,2009,HA,366
CRN12565,A/England/700/2010,2010,HA,566
CRI06083,A/England/701/2010,2010,HA,566
AZY87810,A/England/7013/2018,2018,HA,566
AZY87811,A/England/7014/2018,2018,HA,566
AFD64279,A/England/7048689/2007,2007,HA,328
AEO01268,A/England/705/2009,2009,HA,566
AFD64281,A/England/705417/2007,2007,HA,328
AFD64284,A/England/705622/2007,2007,HA,328
AEO01269,A/England/706/2009,2009,HA,566
AFD64287,A/England/706649/2007,2007,HA,328
AEO01270,A/England/707/2009,2009,HA,566
AFD64288,A/England/70701/2007,2007,HA,328
AFD64289,A/England/707060/2007,2007,HA,328
AEO01271,A/England/708/2009,2009,HA,566
AEO01272,A/England/709/2009,2009,HA,566
AEO01273,A/England/710/2009,2009,HA,566
AEO01274,A/England/711/2009,2009,HA,566
AEO01276,A/England/712/2009,2009,HA,566
QAB03190,A/England/7126/2018,2018,HA,566
QAB03191,A/England/7127/2018,2018,HA,566
AEO01277,A/England/713/2009,2009,HA,566
AEO01278,A/England/714/2009,2009,HA,566
AEO01282,A/England/715/2009,2009,HA,566
AEO01285,A/England/716/2009,2009,HA,566
AEO01286,A/England/717/2009,2009,HA,566
CRK54945,A/England/717/2010,2010,HA,566
AEO01287,A/England/718/2009,2009,HA,566
CRX62833,A/England/718/2010,2010,HA,566
CRI06453,A/England/719/2010,2010,HA,566
AEO01289,A/England/720/2009,2009,HA,566
QAB04140,A/England/7208/2018,2018,HA,566
AEO01291,A/England/721/2009,2009,HA,566
QAB04142,A/England/7210/2018,2018,HA,566
QAB04143,A/England/7211/2018,2018,HA,566
AEO01292,A/England/722/2009,2009,HA,566
AEO01294,A/England/723/2009,2009,HA,566
AEO01296,A/England/724/2009,2009,HA,566
AEO01301,A/England/725/2009,2009,HA,566
AEO01302,A/England/726/2009,2009,HA,566
AEO01303,A/England/727/2009,2009,HA,566
AEO01323,A/England/728/2009,2009,HA,566
AEO01313,A/England/729/2009,2009,HA,566
AEO01322,A/England/730/2009,2009,HA,566
ABO10165,A/England/731/1997,1997,HA,347
AEO01329,A/England/731/2009,2009,HA,566
AEO01306,A/England/732/2009,2009,HA,566
AEO01326,A/England/733/2009,2009,HA,566
QBA98397,A/England/7335/2018,2018,HA,566
AEO01327,A/England/734/2009,2009,HA,566
AEO01328,A/England/735/2009,2009,HA,566
AEO01337,A/England/736/2009,2009,HA,566
AEO01351,A/England/737/2009,2009,HA,566
AEO01352,A/England/738/2009,2009,HA,566
AEO01356,A/England/739/2009,2009,HA,566
QBA98431,A/England/7399/2018,2018,HA,566
CAM58860,A/England/740/2003,2003,HA,329
AFD63648,A/England/740/2003,2003,HA,566
AEO01336,A/England/740/2009,2009,HA,566
QBA98443,A/England/7400/2018,2018,HA,566
AEO01359,A/England/741/2009,2009,HA,566
AEO01346,A/England/742/2009,2009,HA,566
AEO01368,A/England/743/2009,2009,HA,566
AEO01367,A/England/745/2009,2009,HA,566
AEO01349,A/England/746/2009,2009,HA,566
AEO01348,A/England/747/2009,2009,HA,566
AEO01378,A/England/748/2009,2009,HA,566
AEO01366,A/England/749/2009,2009,HA,566
AFD64297,A/England/749016/2007,2007,HA,328
AFD64298,A/England/749411/2007,2007,HA,328
AEO01364,A/England/750/2009,2009,HA,566
AEO01363,A/England/751/2009,2009,HA,566
AFD64300,A/England/7518559/2007,2007,HA,328
CAM58861,A/England/754/2003,2003,HA,329
AFD63670,A/England/754/2003,2003,HA,566
AFD64326,A/England/754/2003,2003,HA,566
AEO01369,A/England/755/2009,2009,HA,566
AEO01350,A/England/756/2009,2009,HA,566
AEO01376,A/England/757/2009,2009,HA,566
AEO01385,A/England/758/2009,2009,HA,566
AEO01379,A/England/759/2009,2009,HA,566
AEO01377,A/England/760/2009,2009,HA,566
AEO01384,A/England/761/2009,2009,HA,566
AEO01383,A/England/762/2009,2009,HA,566
AEO01375,A/England/763/2009,2009,HA,566
AEO01374,A/England/764/2009,2009,HA,566
AEO01400,A/England/765/2009,2009,HA,566
ADJ37848,A/England/766/2009,2009,HA,566
AEO01392,A/England/772/2009,2009,HA,566
AEO01404,A/England/778/2009,2009,HA,566
QBH71174,A/England/7821/2019,2019,HA,566
QBH70350,A/England/7823/2019,2019,HA,566
CAM58862,A/England/786/2003,2003,HA,329
AFD63791,A/England/786/2003,2003,HA,566
AFD64359,A/England/786/2003,2003,HA,566
CAM58863,A/England/787/2003,2003,HA,329
AFD63857,A/England/787/2003,2003,HA,566
CAM58864,A/England/788/2003,2003,HA,329
AFD63890,A/England/788/2003,2003,HA,566
AFD64381,A/England/788/2003,2003,HA,566
CAM58865,A/England/789/2003,2003,HA,329
AFD63901,A/England/789/2003,2003,HA,566
ABO10166,A/England/79/1994,1994,HA,329
AFD64275,A/England/79/2007,2007,HA,328
AEO01410,A/England/794/2009,2009,HA,566
AEO01414,A/England/795/2009,2009,HA,566
AEO01388,A/England/796/2009,2009,HA,566
QBS18412,A/England/7963/2019,2019,HA,566
QBS18848,A/England/7964/2019,2019,HA,566
QBS18860,A/England/7965/2019,2019,HA,566
QBS18894,A/England/7968/2019,2019,HA,566
ADJ37849,A/England/797/2009,2009,HA,566
ADJ37850,A/England/798/2009,2009,HA,566
AEO01465,A/England/799/2009,2009,HA,566
CRI00673,A/England/8/2009,2009,HA,566
AEO01409,A/England/801/2009,2009,HA,566
AFD64301,A/England/8016670/2007,2007,HA,328
AFD64302,A/England/8036384/2008,2008,HA,328
CAM58866,A/England/805/2003,2003,HA,329
AFD64055,A/England/805/2003,2003,HA,566
AEO01412,A/England/808/2009,2009,HA,566
AEO01413,A/England/809/2009,2009,HA,566
AEO01424,A/England/810/2009,2009,HA,566
AEO01423,A/England/812/2009,2009,HA,566
QBX92070,A/England/8122/2019,2019,HA,566
AEO01422,A/England/813/2009,2009,HA,566
AEO01421,A/England/814/2009,2009,HA,566
AJK01409,A/England/815/2009,2009,HA,366
AFD64309,A/England/818672/2008,2008,HA,328
AEO01432,A/England/819/2009,2009,HA,566
AEO01415,A/England/821/2009,2009,HA,566
AEO01416,A/England/822/2009,2009,HA,566
AEO01417,A/England/825/2009,2009,HA,566
AEO01431,A/England/826/2009,2009,HA,566
AEO01419,A/England/827/2009,2009,HA,566
AEO01418,A/England/829/2009,2009,HA,566
AEO01427,A/England/832/2009,2009,HA,566
AEO01429,A/England/834/2009,2009,HA,566
AEO01420,A/England/836/2009,2009,HA,566
AEO01428,A/England/837/2009,2009,HA,566
AEO01425,A/England/838/2009,2009,HA,566
AEO01426,A/England/839/2009,2009,HA,566
AEO01437,A/England/840/2009,2009,HA,566
AEO01440,A/England/841/2009,2009,HA,566
AEO01443,A/England/842/2009,2009,HA,566
AEO01462,A/England/849/2009,2009,HA,566
AEO01475,A/England/851/2009,2009,HA,566
AEO01476,A/England/852/2009,2009,HA,566
ADJ37837,A/England/854/2009,2009,HA,566
ADJ37830,A/England/857/2009,2009,HA,566
QCH42094,A/England/8581/2019,2019,HA,566
QCH41489,A/England/8582/2019,2019,HA,566
ADJ37835,A/England/859/2009,2009,HA,566
AEO01495,A/England/860/2009,2009,HA,566
AEO01497,A/England/861/2009,2009,HA,566
ADJ37839,A/England/862/2009,2009,HA,566
AEO01493,A/England/863/2009,2009,HA,566
ABQ58931,A/England/864/1975,1975,HA,329
AEO01494,A/England/864/2009,2009,HA,566
ADJ37831,A/England/865/2009,2009,HA,566
AEO01502,A/England/867/2009,2009,HA,566
AEO01506,A/England/868/2009,2009,HA,566
ADJ37834,A/England/869/2009,2009,HA,566
ADJ37838,A/England/872/2009,2009,HA,566
QCP66853,A/England/8741/2019,2019,HA,566
QCP66865,A/England/8742/2019,2019,HA,566
QCP66877,A/England/8743/2019,2019,HA,566
ADJ37832,A/England/876/2009,2009,HA,566
AAA43184,A/England/878/1969,1969,HA,328
AEO01474,A/England/879/2009,2009,HA,566
AAB66738,A/England/88,1988,HA,329
AEO01485,A/England/880/2009,2009,HA,566
AEO01486,A/England/881/2009,2009,HA,566
AEO01482,A/England/885/2009,2009,HA,566
AEO01483,A/England/886/2009,2009,HA,566
AEO01484,A/England/887/2009,2009,HA,566
AEO01614,A/England/888/2009,2009,HA,566
QCQ19192,A/England/8887/2019,2019,HA,566
QCQ19204,A/England/8892/2019,2019,HA,566
QCQ19216,A/England/8893/2019,2019,HA,566
AEO01616,A/England/891/2009,2009,HA,566
AEO01613,A/England/892/2009,2009,HA,566
AEO01618,A/England/894/2009,2009,HA,566
AEO01619,A/England/895/2009,2009,HA,566
AEO01621,A/England/896/2009,2009,HA,566
AEO01620,A/England/897/2009,2009,HA,566
ADJ37841,A/England/898/2009,2009,HA,566
AEO01508,A/England/899/2009,2009,HA,566
CRI06171,A/England/9/2009,2009,HA,566
ADJ37836,A/England/900/2009,2009,HA,566
AEO01499,A/England/901/2009,2009,HA,566
ADJ37840,A/England/902/2009,2009,HA,566
AEO01487,A/England/903/2009,2009,HA,566
QDK57449,A/England/9033/2019,2019,HA,566
AEO01501,A/England/906/2009,2009,HA,566
AEO01612,A/England/908/2009,2009,HA,566
AFD64110,A/England/909/2003,2003,HA,566
AEO01611,A/England/909/2009,2009,HA,566
AEO01617,A/England/911/2009,2009,HA,566
AEO01615,A/England/912/2009,2009,HA,566
AFD64154,A/England/917/2003,2003,HA,566
AEO01513,A/England/918/2009,2009,HA,566
QKV29381,A/England/9189/2019,2019,HA,566
AEO01514,A/England/919/2009,2009,HA,566
AEO01516,A/England/920/2009,2009,HA,566
AEO01517,A/England/921/2009,2009,HA,566
AEO01512,A/England/922/2009,2009,HA,566
AEO01511,A/England/925/2009,2009,HA,566
AEO01077,A/England/92800004/2009,2009,HA,566
AEO01080,A/England/92800056/2009,2009,HA,566
AEO01087,A/England/92820897/2009,2009,HA,566
AEO01088,A/England/92820911/2009,2009,HA,566
AEO01090,A/England/92820918/2009,2009,HA,566
AEO01092,A/England/92820956/2009,2009,HA,566
AEO01093,A/England/92840014/2009,2009,HA,566
AEO01094,A/England/92840702/2009,2009,HA,566
AEO01096,A/England/92860024/2009,2009,HA,566
AEW10604,A/England/92860032/2009,2009,HA,566
AEO01097,A/England/92860040/2009,2009,HA,566
AEO01098,A/England/92860057/2009,2009,HA,566
AEO01099,A/England/92860065/2009,2009,HA,566
AEO01101,A/England/92860086/2009,2009,HA,566
AFU09825,A/England/92880002/2009,2009,HA,566
AEO01104,A/England/92880010/2009,2009,HA,566
AEO01108,A/England/92900097/2009,2009,HA,566
AEO01109,A/England/92900124/2009,2009,HA,566
AEO01110,A/England/92900231/2009,2009,HA,566
AEO01111,A/England/92900239/2009,2009,HA,566
AEO01112,A/England/92900284/2009,2009,HA,566
AEO01113,A/England/92900286/2009,2009,HA,566
AEO01114,A/England/92900287/2009,2009,HA,566
AEO01116,A/England/92900350/2009,2009,HA,566
AEO01117,A/England/92900351/2009,2009,HA,566
AEO01118,A/England/92900359/2009,2009,HA,566
AEO01120,A/England/92900362/2009,2009,HA,566
AEO01121,A/England/92900376/2009,2009,HA,566
AEO01123,A/England/92900378/2009,2009,HA,566
AEO01124,A/England/92900383/2009,2009,HA,566
AEO01125,A/England/92900386/2009,2009,HA,566
AEO01126,A/England/92900391/2009,2009,HA,566
AEO01127,A/England/92900398/2009,2009,HA,566
AEO01129,A/England/92920018/2009,2009,HA,566
AFU09805,A/England/92920018/2009,2009,HA,566
AEO01131,A/England/92920036/2009,2009,HA,566
AEO01132,A/England/92920053/2009,2009,HA,566
AEO01133,A/England/92920061/2009,2009,HA,566
AEO01135,A/England/92940035/2009,2009,HA,566
AEO01136,A/England/92940308/2009,2009,HA,566
AEO01137,A/England/92940310/2009,2009,HA,566
AFU09795,A/England/92960004/2009,2009,HA,566
AEO01143,A/England/92960005/2009,2009,HA,566
AEO01145,A/England/92960009/2009,2009,HA,566
AEO01151,A/England/92960080/2009,2009,HA,566
AEO01154,A/England/92980008/2009,2009,HA,566
AEO01155,A/England/92980009/2009,2009,HA,566
AEO01156,A/England/92980479/2009,2009,HA,566
AFU09755,A/England/92980479/2009,2009,HA,566
AEO01157,A/England/92980708/2009,2009,HA,566
AEO01158,A/England/93000013/2009,2009,HA,566
AEO01159,A/England/93000014/2009,2009,HA,566
AEO01160,A/England/93000095/2009,2009,HA,566
AEO01161,A/England/93000102/2009,2009,HA,566
AEO01162,A/England/93000118/2009,2009,HA,566
AEO01164,A/England/93000137/2009,2009,HA,566
AEO01165,A/England/93020044/2009,2009,HA,566
AEO01166,A/England/93020046/2009,2009,HA,566
AEO01167,A/England/93040009/2009,2009,HA,566
AEO01168,A/England/93040011/2009,2009,HA,566
AEO01169,A/England/93040014/2009,2009,HA,566
AEO01170,A/England/93040018/2009,2009,HA,566
AEO01171,A/England/93040019/2009,2009,HA,566
AEO01178,A/England/93040063/2009,2009,HA,566
AEO01179,A/England/93040114/2009,2009,HA,566
AEO01180,A/England/93040124/2009,2009,HA,566
AEO01181,A/England/93040132/2009,2009,HA,566
AEO01182,A/England/93040139/2009,2009,HA,566
AEO01184,A/England/93040152/2009,2009,HA,566
AEO01188,A/England/93060032/2009,2009,HA,566
AEO01191,A/England/93080005/2009,2009,HA,566
AEO01193,A/England/93100019/2009,2009,HA,566
AEO01196,A/England/93100717/2009,2009,HA,566
AEO01199,A/England/93120020/2009,2009,HA,566
AEO01200,A/England/93120033/2009,2009,HA,566
AEO01202,A/England/93160003/2009,2009,HA,566
AEO01204,A/England/93160009/2009,2009,HA,566
AEO01205,A/England/93160014/2009,2009,HA,566
AEO01206,A/England/93160032/2009,2009,HA,566
AEO01211,A/England/93200002/2009,2009,HA,566
AEO01228,A/England/93280011/2009,2009,HA,566
AEO01229,A/England/93280013/2009,2009,HA,566
AEO01233,A/England/93280030/2009,2009,HA,566
AEO01530,A/England/933/2009,2009,HA,566
AFU09735,A/England/93320016/2009,2009,HA,566
QCT08560,A/England/9336/2019,2019,HA,566
QCT08572,A/England/9337/2019,2019,HA,566
QCT08110,A/England/9338/2019,2019,HA,566
QCT08584,A/England/9339/2019,2019,HA,566
AEO01541,A/England/935/2009,2009,HA,566
AEO01235,A/England/93520038/2009,2009,HA,566
AEO01236,A/England/93540705/2009,2009,HA,566
AEO01542,A/England/936/2009,2009,HA,566
AEO01237,A/England/93640020/2009,2009,HA,566
AEO01610,A/England/937/2009,2009,HA,566
AEO01238,A/England/93720014/2009,2009,HA,566
AEO01239,A/England/93740004/2009,2009,HA,566
AEO01240,A/England/93740191/2009,2009,HA,566
AEO01241,A/England/93760003/2009,2009,HA,566
AFU09716,A/England/93760756/2009,2009,HA,566
AEO01242,A/England/93780034/2009,2009,HA,566
AEO01243,A/England/93780041/2009,2009,HA,566
AEO01244,A/England/93780689/2009,2009,HA,566
ADJ37852,A/England/938/2009,2009,HA,566
AEO01245,A/England/93800021/2009,2009,HA,566
AEO01246,A/England/93820003/2009,2009,HA,566
AEO01247,A/England/93820004/2009,2009,HA,566
AEO01248,A/England/93820011/2009,2009,HA,566
AEO01249,A/England/93820019/2009,2009,HA,566
AEO01250,A/England/93840010/2009,2009,HA,566
AEO01251,A/England/93860037/2009,2009,HA,566
AEO01252,A/England/93860044/2009,2009,HA,566
AEO01256,A/England/93880044/2009,2009,HA,566
AEO01257,A/England/93880053/2009,2009,HA,566
AEO01258,A/England/93880056/2009,2009,HA,566
AEO01260,A/England/93880062/2009,2009,HA,566
AEO01261,A/England/93900113/2009,2009,HA,566
AEO01262,A/England/93900114/2009,2009,HA,566
AEO01263,A/England/93900683/2009,2009,HA,566
AEO01264,A/England/93960018/2009,2009,HA,566
ADU76763,A/England/93960032/2009,2009,HA,566
AEO01522,A/England/940/2009,2009,HA,566
AEO01279,A/England/94020500/2009,2009,HA,566
AEO01284,A/England/94060040/2009,2009,HA,566
AEO01290,A/England/94080026/2009,2009,HA,566
AEO01293,A/England/94080379/2009,2009,HA,566
AEO01297,A/England/94080396/2009,2009,HA,566
ADJ37851,A/England/941/2009,2009,HA,566
AEO01298,A/England/94120043/2009,2009,HA,566
AEO01299,A/England/94120045/2009,2009,HA,566
AEO01305,A/England/94120625/2009,2009,HA,566
AEO01307,A/England/94160004/2009,2009,HA,566
AEO01308,A/England/94160046/2009,2009,HA,566
AEO01310,A/England/94160055/2009,2009,HA,566
AEO01311,A/England/94160067/2009,2009,HA,566
AEO01312,A/England/94160072/2009,2009,HA,566
AEO01314,A/England/94160078/2009,2009,HA,566
AEO01325,A/England/94180043/2009,2009,HA,566
AEO01330,A/England/94180058/2009,2009,HA,566
AEO01331,A/England/94200007/2009,2009,HA,566
AEO01332,A/England/94200009/2009,2009,HA,566
AEO01335,A/England/94220046/2009,2009,HA,566
AEO01340,A/England/94240372/2009,2009,HA,566
AEO01341,A/England/94240376/2009,2009,HA,566
AEO01345,A/England/94260020/2009,2009,HA,566
AEO01347,A/England/94260047/2009,2009,HA,566
AEO01357,A/England/94280027/2009,2009,HA,566
ADU76764,A/England/94280034/2009,2009,HA,566
ADU76765,A/England/94280035/2009,2009,HA,566
AEO01360,A/England/94300093/2009,2009,HA,566
AEO01361,A/England/94300096/2009,2009,HA,566
AEO01370,A/England/94320741/2009,2009,HA,566
AEO01381,A/England/94340249/2009,2009,HA,566
AEO01382,A/England/94340253/2009,2009,HA,566
AEO01386,A/England/94340805/2009,2009,HA,566
AEO01387,A/England/94340816/2009,2009,HA,566
AEO01389,A/England/94340856/2009,2009,HA,566
AEO01390,A/England/94360008/2009,2009,HA,566
AEO01391,A/England/94360579/2009,2009,HA,566
AEO01393,A/England/94360601/2009,2009,HA,566
AEO01397,A/England/94380515/2009,2009,HA,566
AFD63824,A/England/944/2003,2003,HA,566
AEO01398,A/England/94400003/2009,2009,HA,566
AEO01399,A/England/94400123/2009,2009,HA,566
AEO01401,A/England/94400248/2009,2009,HA,566
AEO01402,A/England/94400574/2009,2009,HA,566
AEO01408,A/England/94420095/2009,2009,HA,566
AEO01411,A/England/94540029/2009,2009,HA,566
AFU09638,A/England/94560024/2009,2009,HA,566
AEO01430,A/England/94560148/2009,2009,HA,566
AFU09618,A/England/94580011/2009,2009,HA,566
ADU76766,A/England/94600034/2009,2009,HA,566
ADU76767,A/England/94600038/2009,2009,HA,566
ADU76768,A/England/94600039/2009,2009,HA,566
AEO01438,A/England/94620043/2009,2009,HA,566
AEO01439,A/England/94620048/2009,2009,HA,566
ADU76769,A/England/94640077/2009,2009,HA,566
ADU76770,A/England/94640078/2009,2009,HA,566
ADU76771,A/England/94640079/2009,2009,HA,566
ADU76772,A/England/94640080/2009,2009,HA,566
AEO01448,A/England/94700021/2009,2009,HA,566
AEO01449,A/England/94700025/2009,2009,HA,566
AEO01450,A/England/94700028/2009,2009,HA,566
AEO01451,A/England/94700033/2009,2009,HA,566
AEO01452,A/England/94700035/2009,2009,HA,566
AEO01453,A/England/94720002/2009,2009,HA,566
AEO01454,A/England/94720043/2009,2009,HA,566
AEO01455,A/England/94720050/2009,2009,HA,566
AEO01456,A/England/94720080/2009,2009,HA,566
AEO01457,A/England/94720081/2009,2009,HA,566
ADU76773,A/England/94740049/2009,2009,HA,566
ADU76774,A/England/94740054/2009,2009,HA,566
ADU76775,A/England/94740137/2009,2009,HA,566
ADU76776,A/England/94740138/2009,2009,HA,566
ADU76777,A/England/94740139/2009,2009,HA,566
ADU76778,A/England/94740140/2009,2009,HA,566
ADU76779,A/England/94760027/2009,2009,HA,566
ADU76780,A/England/94760028/2009,2009,HA,566
AEO01463,A/England/94760188/2009,2009,HA,566
AEO01464,A/England/94760192/2009,2009,HA,566
AEO01466,A/England/94760209/2009,2009,HA,566
AEO01467,A/England/94760211/2009,2009,HA,566
ADU76781,A/England/94780010/2009,2009,HA,566
ADU76782,A/England/94780019/2009,2009,HA,566
ADU76783,A/England/94780021/2009,2009,HA,566
ADU76784,A/England/94780022/2009,2009,HA,566
ADU76785,A/England/94780023/2009,2009,HA,566
ADU76786,A/England/94780024/2009,2009,HA,566
ADU76787,A/England/94780026/2009,2009,HA,566
ADU76788,A/England/94780029/2009,2009,HA,566
ADU76789,A/England/94780031/2009,2009,HA,566
AEO01468,A/England/94780281/2009,2009,HA,566
AEO01469,A/England/94780297/2009,2009,HA,566
AEO01470,A/England/94780318/2009,2009,HA,566
AEO01471,A/England/94800066/2009,2009,HA,566
AEO01472,A/England/94800096/2009,2009,HA,566
AEO01473,A/England/94800108/2009,2009,HA,566
AEO01488,A/England/94840077/2009,2009,HA,566
ADU76790,A/England/94840152/2009,2009,HA,566
ADU76791,A/England/94840153/2009,2009,HA,566
AEO01489,A/England/94840759/2009,2009,HA,566
AEO01490,A/England/94840760/2009,2009,HA,566
AEO01491,A/England/94840765/2009,2009,HA,566
AEO01492,A/England/94840777/2009,2009,HA,566
AEO01496,A/England/94840792/2009,2009,HA,566
AEO01498,A/England/94840801/2009,2009,HA,566
AEO01500,A/England/94840810/2009,2009,HA,566
AEO01503,A/England/94860341/2009,2009,HA,566
AEO01504,A/England/94860684/2009,2009,HA,566
AEO01505,A/England/94860685/2009,2009,HA,566
AEO01507,A/England/94860699/2009,2009,HA,566
AEO01515,A/England/94880537/2009,2009,HA,566
ADU76792,A/England/94920013/2009,2009,HA,566
ADU76793,A/England/94920015/2009,2009,HA,566
ADJ37842,A/England/950/2009,2009,HA,566
AEO01523,A/England/95060207/2009,2009,HA,566
AEO01524,A/England/95100002/2009,2009,HA,566
AEO01525,A/England/95100060/2009,2009,HA,566
AEO01526,A/England/95100065/2009,2009,HA,566
AEO01535,A/England/95200044/2009,2009,HA,566
AEO01536,A/England/95200063/2009,2009,HA,566
AEO01544,A/England/95260539/2009,2009,HA,566
AEO01545,A/England/95340029/2009,2009,HA,566
AFD64033,A/England/957/2003,2003,HA,566
QDC27138,A/England/9616/2019,2019,HA,566
QDC27150,A/England/9617/2019,2019,HA,566
QDC27161,A/England/9619/2019,2019,HA,566
QDD56604,A/England/9658/2019,2019,HA,566
QDD56616,A/England/9659/2019,2019,HA,566
QDD56639,A/England/9662/2019,2019,HA,566
AEO01107,A/England/973/2009,2009,HA,566
QDJ73923,A/England/9738/2019,2019,HA,566
AEO01115,A/England/974/2009,2009,HA,566
AEO01146,A/England/975/2009,2009,HA,566
AEO01147,A/England/976/2009,2009,HA,566
QKV34440,A/England/9777/2019,2019,HA,566
AEO01183,A/England/978/2009,2009,HA,566
AEO01185,A/England/979/2009,2009,HA,566
AEO01186,A/England/980/2009,2009,HA,566
AEO01187,A/England/981/2009,2009,HA,566
AEO01189,A/England/982/2009,2009,HA,566
AEO01214,A/England/983/2009,2009,HA,566
AEO01281,A/England/989/2009,2009,HA,566
AEO01333,A/England/995/2009,2009,HA,566
ACZ48620,A/England/AV877/1996,1996,HA,560
ADJ37854,A/England/H093780034/2009,2009,HA,566
ADJ37853,A/England/H093780041/2009,2009,HA,566
ADJ37855,A/England/H093900113/2009,2009,HA,566
ADJ37845,A/England/H094220579/2009,2009,HA,566
ADJ37844,A/England/H094240645/2009,2009,HA,566
ADJ37847,A/England/H094380096/2009,2009,HA,566
CRX62470,A/England/WTSI1751/2010,2010,HA,566
CRK54857,A/England/WTSI1769/2010,2010,HA,566
CRX62448,A/England/WTSI1774/2010,2010,HA,566
CRI05937,A/England/WTSI1778/2009,2009,HA,566
CRI06386,A/England/WTSI1781/2011,2011,HA,566
CRX62286,A/England/WTSI1783/2010,2010,HA,566
CRK54956,A/England/WTSI1807/2010,2010,HA,566
CRI06182,A/England/WTSI1822/2011,2011,HA,566
CRK76865,A/England/WTSI1826/2010,2010,HA,566
CRI06215,A/England/WTSI1832/2010,2010,HA,566
CRI06442,A/England/WTSI2051/2011,2011,HA,566
CRN12554,A/England/WTSI2060/2010,2010,HA,566
CRX62822,A/England/WTSI2067/2010,2010,HA,566
CRX62690,A/England/WTSI2076/2010,2010,HA,566
AEW10704,A/England/XFL00071/2009,2009,HA,566
AEO01546,A/England/XFL00077/2009,2009,HA,566
AEW10724,A/England/XFL00137/2009,2009,HA,566
AEW10844,A/England/XFL00200/2009,2009,HA,566
AFR84734,A/England/XFL00228/2009,2009,HA,566
AFR84744,A/England/XFL00230/2009,2009,HA,566
AEW10854,A/England/XFL00275/2009,2009,HA,566
AEW10864,A/England/XFL00300/2009,2009,HA,566
AFR84774,A/England/XFL00303/2009,2009,HA,566
AEW10874,A/England/XFL00304/2009,2009,HA,566
AEW10894,A/England/XFL00311/2009,2009,HA,566
AEW10924,A/England/XFL00354/2009,2009,HA,566
AFR84784,A/England/XFL00364/2009,2009,HA,566
AFR84794,A/England/XFL00376/2009,2009,HA,566
AEW10964,A/England/XFL00418/2009,2009,HA,566
AEW10974,A/England/XFL00419/2009,2009,HA,566
AFR84814,A/England/XFL00421/2009,2009,HA,566
AEW10984,A/England/XFL00473/2009,2009,HA,566
AEO01552,A/England/XFL00475/2009,2009,HA,566
AEW11024,A/England/XFL00481/2009,2009,HA,566
AEW11034,A/England/XFL00482/2009,2009,HA,566
AEW11054,A/England/XFL00532/2009,2009,HA,566
AEO01554,A/England/XFL00651/2009,2009,HA,566
AAT64726,A/Guildford/V728/1985,1985,HA,363
AFG99182,A/Guildford/V728/1985,1985,HA,566
AHM98471,A/Headington/INS3_650/2011,2011,HA,566
AHM98482,A/Headington/INS3_651/2011,2011,HA,566
AGB13470,A/Headington/INS590/2011,2011,HA,566
AGB13480,A/Headington/INS593/2011,2011,HA,566
AGB13490,A/Headington/INS595/2011,2011,HA,566
AGB13105,A/Headington/INS596/2011,2011,HA,566
ACC67651,A/Inverness/5824117/2002,2002,HA,329
ACC67675,A/Inverness/5824157/2002,2002,HA,329
ACS71627,A/Liverpool/01/2008,2008,HA,188
ACS71628,A/Liverpool/02/2008,2008,HA,188
ACS71629,A/Liverpool/03/2008,2008,HA,188
ACS71630,A/Liverpool/04/2008,2008,HA,188
ACS71631,A/Liverpool/05/2008,2008,HA,188
ACS71632,A/Liverpool/06/2008,2008,HA,188
ACS71633,A/Liverpool/07/2008,2008,HA,188
ADT79108,A/Liverpool/1951,1951,HA,566
AAO65768,A/London/1/1918,1918,HA,187
AAO65769,A/London/1/1919,1919,HA,187
CAA42444,A/NIB/4/1988,1988,HA,354
ACC66693,A/Newcastle/1/2004,2004,HA,329
ACC66934,A/Newcastle/4/2005,2005,HA,329
AFU09520,A/Northern,2010,HA,566
AFU09150,A/Northern,2010,HA,566
AFU09628,A/Northern,2009,HA,566
AFU09140,A/Northern,2010,HA,566
AAU25949,A/Northern,2003,HA,197
AFU09678,A/Northern,2009,HA,566
AFU09668,A/Northern,2009,HA,566
AFU09658,A/Northern,2009,HA,566
AFU09599,A/Northern,2009,HA,566
AFU09580,A/Northern,2009,HA,566
AFU09570,A/Northern,2009,HA,566
AFU09560,A/Northern,2009,HA,566
AEA51491,A/Scotland/1/2004,2004,HA,325
AEA51495,A/Scotland/1/2005,2004,HA,317
AEA51504,A/Scotland/1/2006,2006,HA,325
AEA51514,A/Scotland/1/2007,2006,HA,329
AFD64276,A/Scotland/1/2007,2007,HA,328
AEW11323,A/Scotland/10/2009,2009,HA,566
AEO01528,A/Scotland/100/2009,2009,HA,566
AEO01537,A/Scotland/101/2009,2009,HA,566
AEO01538,A/Scotland/102/2009,2009,HA,566
AEO01539,A/Scotland/103/2009,2009,HA,566
AEO01608,A/Scotland/104/2009,2009,HA,566
AEA51507,A/Scotland/122/2001,2001,HA,325
CAD35680,A/Scotland/122/2001,2001,HA,325
AEO01039,A/Scotland/13/2009,2009,HA,566
CAA86548,A/Scotland/142/1993,1993,HA,347
AFH00263,A/Scotland/142/1993,1993,HA,566
CAD35684,A/Scotland/15/2002,2002,HA,325
AEA51506,A/Scotland/15/2002,2002,HA,325
AEO01040,A/Scotland/16/2009,2009,HA,566
CAA86549,A/Scotland/160/1993,1993,HA,347
AFH00274,A/Scotland/160/1993,1993,HA,566
CAA86551,A/Scotland/173/1993,1993,HA,347
CAA86550,A/Scotland/174/1993,1993,HA,347
AEO01072,A/Scotland/19/2009,2009,HA,566
CAA86547,A/Scotland/2/1993,1993,HA,347
AEA51492,A/Scotland/2/2004,2004,HA,307
AEA51496,A/Scotland/2/2005,2004,HA,322
AEA51510,A/Scotland/2/2007,2006,HA,329
AFD64277,A/Scotland/2/2007,2007,HA,328
AEO01073,A/Scotland/20/2009,2009,HA,566
AEA51518,A/Scotland/21/1995,1995,HA,326
AEO01074,A/Scotland/21/2009,2009,HA,566
AEA51519,A/Scotland/211/1999,1999,HA,329
AEO01075,A/Scotland/22/2009,2009,HA,566
AEO01215,A/Scotland/23/2009,2009,HA,566
AEA51520,A/Scotland/230/1999,1999,HA,329
AEO01216,A/Scotland/24/2009,2009,HA,566
AEA51508,A/Scotland/25/2002,2002,HA,325
AEO01217,A/Scotland/25/2009,2009,HA,566
AEA51521,A/Scotland/262/1999,1999,HA,329
AEO01318,A/Scotland/29/2009,2009,HA,566
AEA51493,A/Scotland/3/2004,2004,HA,329
AEA51494,A/Scotland/3/2005,2004,HA,329
AEA51509,A/Scotland/3/2007,2006,HA,329
AFD64278,A/Scotland/3/2007,2007,HA,328
AEO01324,A/Scotland/30/2009,2009,HA,566
AEA51522,A/Scotland/31/1997,1997,HA,329
AEO01339,A/Scotland/31/2009,2009,HA,566
AEO01343,A/Scotland/32/2009,2009,HA,566
AEO01344,A/Scotland/33/2009,2009,HA,566
AEO01353,A/Scotland/34/2009,2009,HA,566
AEA51498,A/Scotland/344289/2003,2003,HA,329
CAM58870,A/Scotland/344289/2003,2003,HA,329
CAM59599,A/Scotland/344290/2003,2003,HA,174
AEA51497,A/Scotland/344290/2003,2003,HA,174
AEA51500,A/Scotland/3472258/2003,2003,HA,329
CAM58868,A/Scotland/3472258/2003,2003,HA,329
AEA51523,A/Scotland/35/1997,1997,HA,85
AEO01355,A/Scotland/35/2009,2009,HA,566
AEO01373,A/Scotland/36/2009,2009,HA,566
AEO01372,A/Scotland/37/2009,2009,HA,566
AEA51524,A/Scotland/38/1996,1996,HA,329
AEO01371,A/Scotland/38/2009,2009,HA,566
AEA51525,A/Scotland/39/1997,1997,HA,329
AEO01395,A/Scotland/39/2009,2009,HA,566
AEA51513,A/Scotland/4/2007,2006,HA,329
AEW10764,A/Scotland/4/2009,2009,HA,566
AEO01396,A/Scotland/40/2009,2009,HA,566
AEO01407,A/Scotland/42/2009,2009,HA,566
ACM17322,A/Scotland/5/2007,2007,HA,565
AEA51499,A/Scotland/50/2003,2003,HA,329
CAM58872,A/Scotland/50/2003,2003,HA,329
AFD63571,A/Scotland/50/2003,2003,HA,566
AEA51490,A/Scotland/50260089/2005,2005,HA,329
AEA51516,A/Scotland/51/2003,2003,HA,329
AEO01433,A/Scotland/51/2009,2009,HA,566
AFD63549,A/Scotland/52/2003,2003,HA,566
AEO01434,A/Scotland/53/2009,2009,HA,566
AEA51517,A/Scotland/54/2003,2003,HA,329
CAM58873,A/Scotland/55/2003,2003,HA,329
AEO01435,A/Scotland/55/2009,2009,HA,566
AEO01436,A/Scotland/56/2009,2009,HA,566
AEO01567,A/Scotland/6/2009,2009,HA,566
AEA51503,A/Scotland/60380622/2006,2005,HA,325
AEA51501,A/Scotland/60380627/2006,2005,HA,329
AEA51502,A/Scotland/60380634/2006,2006,HA,326
AFD63626,A/Scotland/61/2003,2003,HA,566
AEO01441,A/Scotland/61/2009,2009,HA,566
AEO01442,A/Scotland/63/2009,2009,HA,566
AEO01444,A/Scotland/64/2009,2009,HA,566
AEO01445,A/Scotland/65/2009,2009,HA,566
AEO01446,A/Scotland/66/2009,2009,HA,566
AEO01458,A/Scotland/68/2009,2009,HA,566
AEO01576,A/Scotland/7/2009,2009,HA,566
AEO01459,A/Scotland/70/2009,2009,HA,566
AEA51512,A/Scotland/70480684/2007,2006,HA,329
AEA51511,A/Scotland/70480685/2007,2006,HA,329
AFD63692,A/Scotland/71/2003,2003,HA,566
AEO01447,A/Scotland/71/2009,2009,HA,566
AFD63703,A/Scotland/72/2003,2003,HA,566
AEO01460,A/Scotland/73/2009,2009,HA,566
AEO01461,A/Scotland/74/2009,2009,HA,566
AEO01480,A/Scotland/75/2009,2009,HA,566
AFD63736,A/Scotland/76/2003,2003,HA,566
AEO01481,A/Scotland/76/2009,2009,HA,566
AFD63747,A/Scotland/78/2003,2003,HA,566
AEA51505,A/Scotland/79/2003,2003,HA,329
CAM58874,A/Scotland/79/2003,2003,HA,329
AFD63758,A/Scotland/79/2003,2003,HA,566
AFD64337,A/Scotland/79/2003,2003,HA,566
AEO01477,A/Scotland/79/2009,2009,HA,566
ADJ37800,A/Scotland/8/2009,2009,HA,566
AEO01478,A/Scotland/80/2009,2009,HA,566
AFD63769,A/Scotland/81/2003,2003,HA,566
AEO01479,A/Scotland/81/2009,2009,HA,566
AEO01510,A/Scotland/83/2009,2009,HA,566
AEO01509,A/Scotland/84/2009,2009,HA,566
AEO01609,A/Scotland/87/2009,2009,HA,566
AEO01176,A/Scotland/88/2009,2009,HA,566
AEA51515,A/Scotland/89/1997,1997,HA,329
AEO01320,A/Scotland/89/2009,2009,HA,566
AEO01600,A/Scotland/9/2009,2009,HA,566
AEO01317,A/Scotland/90/2009,2009,HA,566
AEO01319,A/Scotland/91/2009,2009,HA,566
AEW10574,A/Scotland/91800797/2009,2009,HA,566
AEW10584,A/Scotland/91800799/2009,2009,HA,566
AEO01173,A/Scotland/93040048/2009,2009,HA,566
AEO01174,A/Scotland/93040049/2009,2009,HA,566
AEO01175,A/Scotland/93040050/2009,2009,HA,566
AEO01177,A/Scotland/93040058/2009,2009,HA,566
AEO01253,A/Scotland/93860049/2009,2009,HA,566
AEO01254,A/Scotland/93860051/2009,2009,HA,566
AEO01255,A/Scotland/93860052/2009,2009,HA,566
AEO01259,A/Scotland/93880057/2009,2009,HA,566
AEO01265,A/Scotland/93980120/2009,2009,HA,566
AEO01315,A/Scotland/94160459/2009,2009,HA,566
AEO01316,A/Scotland/94160462/2009,2009,HA,566
AEO01321,A/Scotland/94180012/2009,2009,HA,566
AEO01354,A/Scotland/94280017/2009,2009,HA,566
AEO01394,A/Scotland/94380033/2009,2009,HA,566
AEO01403,A/Scotland/94420029/2009,2009,HA,566
AEO01405,A/Scotland/94420090/2009,2009,HA,566
AEO01406,A/Scotland/94420091/2009,2009,HA,566
AEO01518,A/Scotland/98/2009,2009,HA,566
AEO01520,A/Scotland/99/2009,2009,HA,566
AFK14139,A/Scotland/Aberdeen_1/2009,2009,HA,566
AFK14157,A/Scotland/Aberdeen_11/2009,2009,HA,566
AFK14166,A/Scotland/Aberdeen_12/2009,2009,HA,566
AFK14175,A/Scotland/Aberdeen_13/2009,2009,HA,566
AFK14184,A/Scotland/Aberdeen_14/2009,2009,HA,566
AFK14202,A/Scotland/Aberdeen_16/2009,2009,HA,566
AFK14220,A/Scotland/Aberdeen_2/2009,2009,HA,566
AFK14229,A/Scotland/Aberdeen_3/2009,2009,HA,566
AFK14238,A/Scotland/Aberdeen_4/2009,2009,HA,566
AFK14822,A/Scotland/Aberdeen_416064/2009,2009,HA,565
AFK14247,A/Scotland/Aberdeen_5/2009,2009,HA,566
AFK14264,A/Scotland/Aberdeen_7/2009,2009,HA,566
AFK14272,A/Scotland/Aberdeen_8/2009,2009,HA,566
ABA61000,A/Scotland/C4-10/2003,2003,HA,320
ABA61004,A/Scotland/C4-14/2003,2003,HA,320
ABA61005,A/Scotland/C4-15/2003,2003,HA,320
ABA61008,A/Scotland/C4-18/2003,2003,HA,320
ABA61009,A/Scotland/C4-19/2003,2003,HA,320
ABA61011,A/Scotland/C4-21/2003,2003,HA,320
ABA61017,A/Scotland/C4-27/2003,2003,HA,320
ABA61018,A/Scotland/C4-28/2003,2003,HA,320
AFK14456,A/Scotland/Dumfries_425403/2009,2009,HA,566
AFK14296,A/Scotland/Dundee_09V500199/2009,2009,HA,566
AFK14305,A/Scotland/Dundee_09V500203/2009,2009,HA,566
AFK14341,A/Scotland/Dundee_09V500266/2009,2009,HA,566
AFK14350,A/Scotland/Dundee_09V500321/2009,2009,HA,566
AFK14358,A/Scotland/Dundee_09V500624/2009,2009,HA,566
AFK14376,A/Scotland/Dundee_09V500795/2009,2009,HA,566
AFK14385,A/Scotland/Dundee_09V500800/2009,2009,HA,566
AFK14404,A/Scotland/Dundee_09V502215/2009,2009,HA,566
AFK14413,A/Scotland/Dundee_09V502385/2009,2009,HA,566
AFK14422,A/Scotland/Dundee_09V502390/2009,2009,HA,566
AFK14440,A/Scotland/Dundee_09V502666/2009,2009,HA,566
AFK14449,A/Scotland/Dundee_10V070791/2010,2010,HA,566
AFK14630,A/Scotland/EastKilbride_412770/2009,2009,HA,566
AFK14868,A/Scotland/EastKilbride_419809/2009,2009,HA,566
AFK14877,A/Scotland/EastKilbride_420703/2009,2009,HA,566
AFK14884,A/Scotland/EastKilbride_420874/2009,2009,HA,566
AFK14892,A/Scotland/EastKilbride_420875/2009,2009,HA,566
AFK14901,A/Scotland/EastKilbride_420880/2009,2009,HA,566
AFK14910,A/Scotland/EastKilbride_420881/2009,2009,HA,566
AFK14919,A/Scotland/EastKilbride_425383/2009,2009,HA,566
AFK14474,A/Scotland/Edinburgh_17343/2009,2009,HA,566
AFK14483,A/Scotland/Edinburgh_17645/2009,2009,HA,566
AFK14493,A/Scotland/Edinburgh_17714/2009,2009,HA,566
AFK14287,A/Scotland/Edinburgh_17715/2009,2009,HA,566
AFK14536,A/Scotland/Edinburgh_20665/2009,2009,HA,566
AFK14545,A/Scotland/Edinburgh_21027/2009,2009,HA,566
AFK14562,A/Scotland/Fife_17690/2009,2009,HA,566
AFK14465,A/Scotland/Fife_17712/2009,2009,HA,566
AFK14586,A/Scotland/Glasgow_412118/2009,2009,HA,566
AFK14595,A/Scotland/Glasgow_412286/2009,2009,HA,566
AFK14612,A/Scotland/Glasgow_412313/2009,2009,HA,566
AFK14639,A/Scotland/Glasgow_413364/2009,2009,HA,566
AFK14650,A/Scotland/Glasgow_413608/2009,2009,HA,566
AFK14670,A/Scotland/Glasgow_413848/2009,2009,HA,566
AFK14688,A/Scotland/Glasgow_413886/2009,2009,HA,566
AFK14697,A/Scotland/Glasgow_413941/2009,2009,HA,566
AFK14713,A/Scotland/Glasgow_414473/2009,2009,HA,566
AFK14722,A/Scotland/Glasgow_419707/2009,2009,HA,566
AFK14731,A/Scotland/Glasgow_419865/2009,2009,HA,566
AFK14740,A/Scotland/Glasgow_419977/2009,2009,HA,566
AFK14749,A/Scotland/Glasgow_420755/2009,2009,HA,566
AFK14756,A/Scotland/Glasgow_420768/2009,2009,HA,566
AFK14764,A/Scotland/Glasgow_422823/2009,2009,HA,566
AFK14779,A/Scotland/Glasgow_443734/2009,2009,HA,566
AFK14788,A/Scotland/Glasgow_444125/2009,2009,HA,566
AFK14798,A/Scotland/Glasgow_444590/2009,2009,HA,566
AFK14807,A/Scotland/Glasgow_444809/2009,2009,HA,566
AFK14814,A/Scotland/Glasgow_445236/2009,2009,HA,566
AFK14148,A/Scotland/Inverness_10/2009,2009,HA,566
AFK14193,A/Scotland/Inverness_15/2009,2009,HA,566
AFK14211,A/Scotland/Inverness_18/2009,2009,HA,566
AFK14571,A/Scotland/Livingston_412757/2009,2009,HA,566
AFK14105,A/Scotland/Paisley_409499/2009,2009,HA,565
AFK14831,A/Scotland/Paisley_412182/2009,2009,HA,566
AFK14621,A/Scotland/Paisley_412666/2009,2009,HA,566
AFK14661,A/Scotland/Paisley_413739/2009,2009,HA,566
AFK14678,A/Scotland/Paisley_413869/2009,2009,HA,566
AFK14839,A/Scotland/Paisley_413960/2009,2009,HA,566
AFK14847,A/Scotland/Paisley_415110/2009,2009,HA,566
AFK14115,A/Scotland/Paisley_417557/2009,2009,HA,566
AFK14122,A/Scotland/Paisley_419540/2009,2009,HA,565
AFK14131,A/Scotland/Paisley_425827/2009,2009,HA,566
AFK14323,A/Scotland/Perth_09V500257/2009,2009,HA,566
AFK14332,A/Scotland/Perth_09V500259/2009,2009,HA,566
AFK14395,A/Scotland/Perth_09V501016/2009,2009,HA,566
AFK14431,A/Scotland/Perth_09V502475/2009,2009,HA,566
AFK14314,A/Scotland/StAndrews_09V500252/2009,2009,HA,566
AFK14367,A/Scotland/StAndrews_09V500630/2009,2009,HA,566
AFK14929,A/Scotland/StAndrews_17693/2009,2009,HA,566
AGB13250,A/Sheffield/INS545/2011,2011,HA,566
AGB12986,A/Sheffield/INS548/2011,2011,HA,566
UZY71020,A/Suffolk/13425/2022,2022,HA,566
UZY71032,A/Suffolk/13427/2022,2022,HA,566
UZY70759,A/Suffolk/13428/2022,2022,HA,566
UZY71044,A/Suffolk/13429/2022,2022,HA,566
WAB60169,A/Suffolk/USAFSAM-13477/2022,2022,HA,566
WBR18358,A/Suffolk/USAFSAM-13536/2022,2022,HA,566
WBR18359,A/Suffolk/USAFSAM-13537/2022,2022,HA,566
WBR18360,A/Suffolk/USAFSAM-13538/2022,2022,HA,566
WBR77834,A/Suffolk/USAFSAM-13651/2022,2022,HA,566
WBR76718,A/Suffolk/USAFSAM-13652/2022,2022,HA,566
AEG64762,A/United,1933,HA,566
ACV49534,A/United,1933,HA,566
UUC11564,A/United,2022,HA,566
UUC11576,A/United,2022,HA,566
UUC11588,A/United,2022,HA,566
UUC11188,A/United,2022,HA,566
UUC11189,A/United,2022,HA,566
UUC11190,A/United,2022,HA,566
UUC11191,A/United,2022,HA,566
UUC11192,A/United,2022,HA,566
UUC11193,A/United,2022,HA,566
UUC11600,A/United,2022,HA,566
UUC11612,A/United,2022,HA,566
UUB85560,A/United,2022,HA,566
UUB84626,A/United,2022,HA,566
UUB85572,A/United,2022,HA,566
UUB84627,A/United,2022,HA,566
UUB85584,A/United,2022,HA,566
UUB85596,A/United,2022,HA,566
UUB85608,A/United,2022,HA,566
UUB85620,A/United,2022,HA,566
UUB85632,A/United,2022,HA,566
ACC66542,A/United,2003,HA,329
AFH00769,A/United,1991,HA,566
AAM46885,A/United,1999,HA,329
AAM46883,A/United,1999,HA,329
ABA60931,A/United,2002,HA,320
ABA60991,A/United,2003,HA,320
ABA61001,A/United,2003,HA,320
ABA61003,A/United,2003,HA,320
ABA60993,A/United,2003,HA,320
ABA60994,A/United,2003,HA,320
ABA60995,A/United,2003,HA,320
ABA60997,A/United,2003,HA,320
ABA60998,A/United,2003,HA,320
ABA60999,A/United,2003,HA,320
WFH85516,A/United,2022,HA,566
WFH85528,A/United,2022,HA,566
WFH85540,A/United,2022,HA,566
WFH85552,A/United,2023,HA,566
WFH85564,A/United,2023,HA,566
WFH85576,A/United,2022,HA,566
WFH85588,A/United,2022,HA,566
WFH85274,A/United,2022,HA,566
WFH85275,A/United,2023,HA,566
WFH85276,A/United,2023,HA,566
WFH85677,A/United,2022,HA,566
WFH85112,A/United,2022,HA,566
WFH85036,A/United,2022,HA,566
WFH85037,A/United,2022,HA,566
WFH85038,A/United,2022,HA,566
WFH85039,A/United,2022,HA,566
WFH85722,A/United,2022,HA,566
WFH85734,A/United,2022,HA,566
WFH85746,A/United,2022,HA,566
WFH85758,A/United,2022,HA,566
WFH85770,A/United,2022,HA,566
WFH85312,A/United,2022,HA,566
WFH85793,A/United,2022,HA,566
WFH85805,A/United,2022,HA,566
WFH85817,A/United,2022,HA,566
WFH85358,A/United,2022,HA,566
WFH85840,A/United,2022,HA,566
WFH85863,A/United,2022,HA,566
WFH85886,A/United,2022,HA,566
WFH85359,A/United,2022,HA,566
WFH85360,A/United,2022,HA,566
WFH85909,A/United,2022,HA,566
WFH85361,A/United,2022,HA,566
WFH85439,A/United,2022,HA,566
WFH85943,A/United,2022,HA,566
WFH85440,A/United,2022,HA,566
WFH85441,A/United,2022,HA,566
WFH85966,A/United,2022,HA,566
WFH85978,A/United,2022,HA,566
WFH85442,A/United,2022,HA,566
WFH85990,A/United,2022,HA,566
WFH86002,A/United,2022,HA,566
WFH85443,A/United,2022,HA,566
WFH85444,A/United,2022,HA,566
WFH86014,A/United,2022,HA,566
WFH86026,A/United,2022,HA,566
WFH85445,A/United,2022,HA,566
WFH86038,A/United,2022,HA,566
WFH85040,A/United,2022,HA,566
WFH85041,A/United,2022,HA,566
WFH86061,A/United,2022,HA,566
WFH85042,A/United,2022,HA,566
WFH86073,A/United,2023,HA,566
WFH85043,A/United,2023,HA,566
WFH86085,A/United,2022,HA,566
WFH86097,A/United,2022,HA,566
WFH86109,A/United,2022,HA,566
WFH85182,A/United,2022,HA,566
WFH86143,A/United,2022,HA,566
WFH85183,A/United,2022,HA,566
WFH85184,A/United,2022,HA,566
WFH86155,A/United,2022,HA,566
WFH86167,A/United,2022,HA,566
WFH86179,A/United,2023,HA,566
WFH85185,A/United,2022,HA,566
WFH86191,A/United,2022,HA,566
WFH86203,A/United,2022,HA,566
WFH86226,A/United,2022,HA,566
WFH86249,A/United,2022,HA,566
WFH86261,A/United,2022,HA,566
WFH86273,A/United,2022,HA,566
WFH86296,A/United,2022,HA,566
AAB66806,A/United_Kingdom/897/96,1996,HA,329
ADK95049,A/Wilson-Smith/1933,1933,HA,345
ABD77796,A/Wilson-Smith/1933,1933,HA,566
ABF21278,A/Wilson-Smith/1933,1933,HA,565
